<?xml version="1.0" encoding="UTF-8"?>

<Observation xmlns="http://hl7.org/fhir">
  <id value="BSJ-ObservationSPLASCH-062"/>
  <text>
    <status value="generated"/><div xmlns="http://www.w3.org/1999/xhtml"><p><b>Generated Narrative</b></p><div style="display: inline-block; background-color: #d9e0e7; padding: 6px; margin: 4px; border: 1px solid #8da1b4; border-radius: 5px; line-height: 60%"><p style="margin-bottom: 0px">Resource "BSJ-ObservationSPLASCH-062" </p></div><p><b>status</b>: final</p><p><b>category</b>: Swallowing <span style="background: LightGoldenRodYellow; margin: 4px; border: 1px solid khaki"> (<a href="CodeSystem-SPLASCHObservationCategoryCS.html">SPLASCH Observation Category Codes</a>#swallowing)</span></p><p><b>code</b>: Require assistance or supervision for swallowing safety <span style="background: LightGoldenRodYellow; margin: 4px; border: 1px solid khaki"> (<a href="CodeSystem-SPLASCHSwallowingObservationCS.html">Swallowing Observation Codes</a>#assistance-swallowing-safety)</span></p><p><b>subject</b>: <a href="Patient-BSJ-patientBSJ1.html">Patient/BSJ-patientBSJ1</a> " SMITH-JOHNSON"</p><p><b>effective</b>: 2020-07-12T13:32:00-05:00</p><p><b>performer</b>: </p><ul><li><a href="Practitioner-Practitioner-LiaNguyen.html">Practitioner/Practitioner-LiaNguyen</a> " NGUYEN"</li><li><a href="PractitionerRole-provider-role-registered-nurse-JudySmiley.html">PractitionerRole/provider-role-registered-nurse-JudySmiley</a></li><li><a href="Organization-Organization-Hospital.html">Organization/Organization-Hospital</a> "San Antonio General Hospital"</li></ul><p><b>value</b>: Sometimes <span style="background: LightGoldenRodYellow; margin: 4px; border: 1px solid khaki"> (SPLASCHFrequencyCS#LA10082-8)</span></p></div>
  </text>
  <status value="final"/>
  <category>
    <coding>
      <system value="http://hl7.org/fhir/us/pacio-splasch/CodeSystem/SPLASCHObservationCategoryCS"/>
      <code value="swallowing"/>
      <display value="Swallowing"/>
    </coding>
  </category>
  <code>
    <coding>
      <system value="http://hl7.org/fhir/us/pacio-splasch/CodeSystem/SPLASCHSwallowingObservationCS"/>
      <code value="assistance-swallowing-safety"/>
      <display value="Require assistance or supervision for swallowing safety"/>
    </coding>
  </code>
  <subject>
    <reference value="Patient/BSJ-patientBSJ1"/>
  </subject>
  <effectiveDateTime value="2020-07-12T13:32:00-05:00"/>
  <performer>
    <reference value="Practitioner/Practitioner-LiaNguyen"/>
  </performer>
  <performer>
    <reference value="PractitionerRole/provider-role-registered-nurse-JudySmiley"/>
  </performer>
  <performer>
    <reference value="Organization/Organization-Hospital"/>
  </performer>
  <valueCodeableConcept>
    <coding>
      <system value="http://hl7.org/fhir/us/pacio-splasch/CodeSystem/SPLASCHFrequencyCS"/>
      <code value="LA10082-8"/>
      <display value="Sometimes"/>
    </coding>
  </valueCodeableConcept>
</Observation>