<?xml version="1.0" encoding="UTF-8"?>

<Practitioner xmlns="http://hl7.org/fhir">
  <id value="Practitioner-RonMarble"/>
  <text>
    <status value="generated"/><div xmlns="http://www.w3.org/1999/xhtml"><p><b>Generated Narrative</b></p><div style="display: inline-block; background-color: #d9e0e7; padding: 6px; margin: 4px; border: 1px solid #8da1b4; border-radius: 5px; line-height: 60%"><p style="margin-bottom: 0px">Resource "Practitioner-RonMarble" </p></div><p><b>identifier</b>: id: 1973406825</p><p><b>active</b>: true</p><p><b>name</b>: Ron Marble</p><p><b>telecom</b>: ph: (210)555-1234</p><p><b>address</b>: 26022 Meadowlark Bay, San Antonio, TX 78260</p><p><b>gender</b>: male</p></div>
  </text>
  <identifier>
    <system value="http://hl7.org/fhir/sid/us-npi"/>
    <value value="1973406825"/>
  </identifier>
  <active value="true"/>
  <name>
    <text value="Ron Marble"/>
    <family value="Marble"/>
    <given value="Ron"/>
  </name>
  <telecom>
    <system value="phone"/>
    <value value="(210)555-1234"/>
  </telecom>
  <address>
    <text value="26022 Meadowlark Bay, San Antonio, TX 78260"/>
  </address>
  <gender value="male"/>
</Practitioner>