<?xml version="1.0" encoding="UTF-8"?>

<CodeSystem xmlns="http://hl7.org/fhir">
  <id value="SPLASCHObservationCategoryCS"/>
  <text>
    <status value="generated"/><div xmlns="http://www.w3.org/1999/xhtml"><p>This code system http://hl7.org/fhir/us/pacio-splasch/CodeSystem/SPLASCHObservationCategoryCS defines the following codes:</p><table class="codes"><tr><td style="white-space:nowrap"><b>Code</b></td><td><b>Display</b></td><td><b>Definition</b></td></tr><tr><td style="white-space:nowrap">spoken-language-comprehension<a name="SPLASCHObservationCategoryCS-spoken-language-comprehension"> </a></td><td>Spoken language comprehension</td><td>Category code for spoken language comprehension observation</td></tr><tr><td style="white-space:nowrap">spoken-language-expression<a name="SPLASCHObservationCategoryCS-spoken-language-expression"> </a></td><td>Spoken language expression</td><td>Category code for spoken language expression observation</td></tr><tr><td style="white-space:nowrap">swallowing<a name="SPLASCHObservationCategoryCS-swallowing"> </a></td><td>Swallowing</td><td>Category code for swallowing observation</td></tr><tr><td style="white-space:nowrap">multi-modal-communication<a name="SPLASCHObservationCategoryCS-multi-modal-communication"> </a></td><td>Multi-modal communication</td><td>Category code for multi-modal communication observation</td></tr><tr><td style="white-space:nowrap">hearing<a name="SPLASCHObservationCategoryCS-hearing"> </a></td><td>Hearing</td><td>Category code for hearing observation</td></tr></table></div>
  </text>
  <url value="http://hl7.org/fhir/us/pacio-splasch/CodeSystem/SPLASCHObservationCategoryCS"/>
  <version value="0.1.0"/>
  <name value="SPLASCHObservationCategoryCS"/>
  <title value="SPLASCH Observation Category Codes"/>
  <status value="active"/>
  <date value="2022-03-14T15:55:03-04:00"/>
  <publisher value="HL7 Patient Care Working Group"/>
  <contact>
    <name value="HL7 Patient Care Working Group"/>
    <telecom>
      <system value="url"/>
      <value value="http://www.hl7.org/Special/committees/patientcare"/>
    </telecom>
    <telecom>
      <system value="email"/>
      <value value="patients@lists.HL7.org"/>
    </telecom>
  </contact>
  <contact>
    <name value="PACIO project"/>
    <telecom>
      <system value="url"/>
      <value value="http://www.hl7.org/Special/committees/patientcare"/>
    </telecom>
    <telecom>
      <system value="email"/>
      <value value="info@pacioproject.org"/>
    </telecom>
  </contact>
  <description value="Categories for SPLASCH observations"/>
  <jurisdiction>
    <coding>
      <system value="urn:iso:std:iso:3166"/>
      <code value="US"/>
    </coding>
  </jurisdiction>
  <copyright value="This CodeSystem is not copyrighted."/>
  <caseSensitive value="true"/>
  <content value="complete"/>
  <count value="5"/>
  <concept>
    <code value="spoken-language-comprehension"/>
    <display value="Spoken language comprehension"/>
    <definition value="Category code for spoken language comprehension observation"/>
  </concept>
  <concept>
    <code value="spoken-language-expression"/>
    <display value="Spoken language expression"/>
    <definition value="Category code for spoken language expression observation"/>
  </concept>
  <concept>
    <code value="swallowing"/>
    <display value="Swallowing"/>
    <definition value="Category code for swallowing observation"/>
  </concept>
  <concept>
    <code value="multi-modal-communication"/>
    <display value="Multi-modal communication"/>
    <definition value="Category code for multi-modal communication observation"/>
  </concept>
  <concept>
    <code value="hearing"/>
    <display value="Hearing"/>
    <definition value="Category code for hearing observation"/>
  </concept>
</CodeSystem>