<?xml version="1.0" encoding="UTF-8"?>

<CodeSystem xmlns="http://hl7.org/fhir">
  <id value="HearingLossDegreeCS"/>
  <text>
    <status value="generated"/><div xmlns="http://www.w3.org/1999/xhtml"><p>This code system http://hl7.org/fhir/us/pacio-splasch/CodeSystem/HearingLossDegreeCS defines the following codes:</p><table class="codes"><tr><td style="white-space:nowrap"><b>Code</b></td><td><b>Display</b></td></tr><tr><td style="white-space:nowrap">LA32484-0<a name="HearingLossDegreeCS-LA32484-0"> </a></td><td>No hearing loss</td></tr><tr><td style="white-space:nowrap">LA32491-5<a name="HearingLossDegreeCS-LA32491-5"> </a></td><td>Slight (16-25 dB HL)</td></tr><tr><td style="white-space:nowrap">LA32492-3<a name="HearingLossDegreeCS-LA32492-3"> </a></td><td>Mild (26-40 dB HL)</td></tr><tr><td style="white-space:nowrap">LA32493-1<a name="HearingLossDegreeCS-LA32493-1"> </a></td><td>Moderate (41-55 dB HL)</td></tr><tr><td style="white-space:nowrap">LA32494-9<a name="HearingLossDegreeCS-LA32494-9"> </a></td><td>Moderately severe (56-70 dB HL)</td></tr><tr><td style="white-space:nowrap">LA32495-6<a name="HearingLossDegreeCS-LA32495-6"> </a></td><td>Severe (71-90 dB HL)</td></tr><tr><td style="white-space:nowrap">LA32496-4<a name="HearingLossDegreeCS-LA32496-4"> </a></td><td>Profound (91+ dB HL)</td></tr><tr><td style="white-space:nowrap">LA14100-4<a name="HearingLossDegreeCS-LA14100-4"> </a></td><td>Undetermined</td></tr></table></div>
  </text>
  <url value="http://hl7.org/fhir/us/pacio-splasch/CodeSystem/HearingLossDegreeCS"/>
  <version value="0.1.0"/>
  <name value="HearingLossDegreeCS"/>
  <title value="Hearing Loss - Degree"/>
  <status value="active"/>
  <date value="2022-05-04T09:54:10-04:00"/>
  <publisher value="HL7 Patient Care Working Group"/>
  <contact>
    <name value="HL7 Patient Care Working Group"/>
    <telecom>
      <system value="url"/>
      <value value="http://www.hl7.org/Special/committees/patientcare"/>
    </telecom>
    <telecom>
      <system value="email"/>
      <value value="patients@lists.HL7.org"/>
    </telecom>
  </contact>
  <contact>
    <name value="PACIO project"/>
    <telecom>
      <system value="url"/>
      <value value="http://www.hl7.org/Special/committees/patientcare"/>
    </telecom>
    <telecom>
      <system value="email"/>
      <value value="info@pacioproject.org"/>
    </telecom>
  </contact>
  <description value="Degree of hearing loss"/>
  <jurisdiction>
    <coding>
      <system value="urn:iso:std:iso:3166"/>
      <code value="US"/>
    </coding>
  </jurisdiction>
  <copyright value="This CodeSystem is not copyrighted."/>
  <caseSensitive value="true"/>
  <content value="complete"/>
  <count value="8"/>
  <concept>
    <code value="LA32484-0"/>
    <display value="No hearing loss"/>
  </concept>
  <concept>
    <code value="LA32491-5"/>
    <display value="Slight (16-25 dB HL)"/>
  </concept>
  <concept>
    <code value="LA32492-3"/>
    <display value="Mild (26-40 dB HL)"/>
  </concept>
  <concept>
    <code value="LA32493-1"/>
    <display value="Moderate (41-55 dB HL)"/>
  </concept>
  <concept>
    <code value="LA32494-9"/>
    <display value="Moderately severe (56-70 dB HL)"/>
  </concept>
  <concept>
    <code value="LA32495-6"/>
    <display value="Severe (71-90 dB HL)"/>
  </concept>
  <concept>
    <code value="LA32496-4"/>
    <display value="Profound (91+ dB HL)"/>
  </concept>
  <concept>
    <code value="LA14100-4"/>
    <display value="Undetermined"/>
  </concept>
</CodeSystem>