<?xml version="1.0" encoding="UTF-8"?>

<CodeSystem xmlns="http://hl7.org/fhir">
  <id value="SPLASCHSolidDietCS"/>
  <text>
    <status value="generated"/><div xmlns="http://www.w3.org/1999/xhtml"><p>This code system http://hl7.org/fhir/us/pacio-splasch/CodeSystem/SPLASCHSolidDietCS defines the following codes:</p><table class="codes"><tr><td style="white-space:nowrap"><b>Code</b></td><td><b>Display</b></td><td><b>Definition</b></td></tr><tr><td style="white-space:nowrap">regular<a name="SPLASCHSolidDietCS-regular"> </a></td><td>Regular</td><td>Regular</td></tr><tr><td style="white-space:nowrap">soft<a name="SPLASCHSolidDietCS-soft"> </a></td><td>Soft and bite-sized</td><td>Soft and bite-sized</td></tr><tr><td style="white-space:nowrap">minced<a name="SPLASCHSolidDietCS-minced"> </a></td><td>Minced and moist</td><td>Minced and moist</td></tr><tr><td style="white-space:nowrap">pureed<a name="SPLASCHSolidDietCS-pureed"> </a></td><td>Pureed</td><td>Pureed</td></tr><tr><td style="white-space:nowrap">liquidized<a name="SPLASCHSolidDietCS-liquidized"> </a></td><td>Liquidized</td><td>Liquidized</td></tr><tr><td style="white-space:nowrap">no-solids<a name="SPLASCHSolidDietCS-no-solids"> </a></td><td>No solids</td><td>No solids</td></tr></table></div>
  </text>
  <url value="http://hl7.org/fhir/us/pacio-splasch/CodeSystem/SPLASCHSolidDietCS"/>
  <version value="0.1.0"/>
  <name value="SPLASCHSolidDietCS"/>
  <title value="Observation Value Solid Diet Codes"/>
  <status value="active"/>
  <date value="2021-12-06T21:00:04-05:00"/>
  <publisher value="HL7 Patient Care Working Group"/>
  <contact>
    <name value="HL7 Patient Care Working Group"/>
    <telecom>
      <system value="url"/>
      <value value="http://www.hl7.org/Special/committees/patientcare"/>
    </telecom>
    <telecom>
      <system value="email"/>
      <value value="patients@lists.HL7.org"/>
    </telecom>
  </contact>
  <contact>
    <name value="PACIO project"/>
    <telecom>
      <system value="url"/>
      <value value="http://www.hl7.org/Special/committees/patientcare"/>
    </telecom>
    <telecom>
      <system value="email"/>
      <value value="info@pacioproject.org"/>
    </telecom>
  </contact>
  <description value="todo"/>
  <jurisdiction>
    <coding>
      <system value="urn:iso:std:iso:3166"/>
      <code value="US"/>
    </coding>
  </jurisdiction>
  <copyright value="This CodeSystem is not copyrighted."/>
  <caseSensitive value="true"/>
  <content value="complete"/>
  <count value="6"/>
  <concept>
    <code value="regular"/>
    <display value="Regular"/>
    <definition value="Regular"/>
  </concept>
  <concept>
    <code value="soft"/>
    <display value="Soft and bite-sized"/>
    <definition value="Soft and bite-sized"/>
  </concept>
  <concept>
    <code value="minced"/>
    <display value="Minced and moist"/>
    <definition value="Minced and moist"/>
  </concept>
  <concept>
    <code value="pureed"/>
    <display value="Pureed"/>
    <definition value="Pureed"/>
  </concept>
  <concept>
    <code value="liquidized"/>
    <display value="Liquidized"/>
    <definition value="Liquidized"/>
  </concept>
  <concept>
    <code value="no-solids"/>
    <display value="No solids"/>
    <definition value="No solids"/>
  </concept>
</CodeSystem>