<?xml version="1.0" encoding="UTF-8"?>

<Observation xmlns="http://hl7.org/fhir">
  <id value="BSJ-ObservationSPLASCH-052"/>
  <text>
    <status value="generated"/><div xmlns="http://www.w3.org/1999/xhtml"><p><b>Generated Narrative</b></p><div style="display: inline-block; background-color: #d9e0e7; padding: 6px; margin: 4px; border: 1px solid #8da1b4; border-radius: 5px; line-height: 60%"><p style="margin-bottom: 0px">Resource "BSJ-ObservationSPLASCH-052" </p></div><p><b>status</b>: final</p><p><b>category</b>: Spoken language expression <span style="background: LightGoldenRodYellow; margin: 4px; border: 1px solid khaki"> (<a href="CodeSystem-SPLASCHObservationCategoryCS.html">SPLASCH Observation Category Codes</a>#spoken-language-expression)</span></p><p><b>code</b>: Participate in communication without assistance <span style="background: LightGoldenRodYellow; margin: 4px; border: 1px solid khaki"> (<a href="CodeSystem-SPLASCHSpeechExpressionObservationCS.html">Speech Expression Observation Codes</a>#communicate-without-assistance)</span></p><p><b>subject</b>: <a href="Patient-BSJ-patientBSJ1.html">Patient/BSJ-patientBSJ1</a> " SMITH-JOHNSON"</p><p><b>effective</b>: 2020-07-12T11:42:00-05:00</p><p><b>performer</b>: <a href="Practitioner-Practitioner-DonHopmed.html">Practitioner/Practitioner-DonHopmed</a> " HOPMED"</p><p><b>value</b>: Rarely <span style="background: LightGoldenRodYellow; margin: 4px; border: 1px solid khaki"> (SPLASCHFrequencyCS#LA10066-1)</span></p></div>
  </text>
  <status value="final"/>
  <category>
    <coding>
      <system value="http://hl7.org/fhir/us/pacio-splasch/CodeSystem/SPLASCHObservationCategoryCS"/>
      <code value="spoken-language-expression"/>
      <display value="Spoken language expression"/>
    </coding>
  </category>
  <code>
    <coding>
      <system value="http://hl7.org/fhir/us/pacio-splasch/CodeSystem/SPLASCHSpeechExpressionObservationCS"/>
      <code value="communicate-without-assistance"/>
      <display value="Participate in communication without assistance"/>
    </coding>
  </code>
  <subject>
    <reference value="Patient/BSJ-patientBSJ1"/>
  </subject>
  <effectiveDateTime value="2020-07-12T11:42:00-05:00"/>
  <performer>
    <reference value="Practitioner/Practitioner-DonHopmed"/>
  </performer>
  <valueCodeableConcept>
    <coding>
      <system value="http://hl7.org/fhir/us/pacio-splasch/CodeSystem/SPLASCHFrequencyCS"/>
      <code value="LA10066-1"/>
      <display value="Rarely"/>
    </coding>
  </valueCodeableConcept>
</Observation>