<?xml version="1.0" encoding="UTF-8"?>

<Observation xmlns="http://hl7.org/fhir">
  <id value="BSJ-ObservationSPLASCH-012"/>
  <text>
    <status value="generated"/><div xmlns="http://www.w3.org/1999/xhtml"><p><b>Generated Narrative</b></p><div style="display: inline-block; background-color: #d9e0e7; padding: 6px; margin: 4px; border: 1px solid #8da1b4; border-radius: 5px; line-height: 60%"><p style="margin-bottom: 0px">Resource "BSJ-ObservationSPLASCH-012" </p></div><p><b>status</b>: final</p><p><b>category</b>: Multi-modal Communication <span style="background: LightGoldenRodYellow; margin: 4px; border: 1px solid khaki"> (<a href="CodeSystem-SPLASCHObservationCategoryCS.html">SPLASCH Observation Category Codes</a>#multi-modal-communication)</span></p><p><b>code</b>: How often does the individual convey simple messages that are meaningful related to routine daily activities in HIGH demand situations? <span style="background: LightGoldenRodYellow; margin: 4px; border: 1px solid khaki"> (SPLASCHMultiModalCommunicationObservationCS#99832-8)</span></p><p><b>subject</b>: <a href="Patient-BSJ-patientBSJ1.html">Patient/BSJ-patientBSJ1</a> " SMITH-JOHNSON"</p><p><b>effective</b>: 2020-07-07T19:30:00-05:00</p><p><b>performer</b>: </p><ul><li><a href="Practitioner-Practitioner-JudySmiley.html">Practitioner/Practitioner-JudySmiley</a> " SMILEY"</li><li><a href="PractitionerRole-provider-role-registered-nurse-JudySmiley.html">PractitionerRole/provider-role-registered-nurse-JudySmiley</a></li><li><a href="Organization-Organization-San-Antonio-General-Hospital.html">Organization/Organization-San-Antonio-General-Hospital</a> "San Antonio General Hospital"</li></ul><p><b>value</b>: Sometimes <span style="background: LightGoldenRodYellow; margin: 4px; border: 1px solid khaki"> (SPLASCHFrequencyCS#LA10082-8)</span></p></div>
  </text>
  <status value="final"/>
  <category>
    <coding>
      <system value="http://hl7.org/fhir/us/pacio-splasch/CodeSystem/SPLASCHObservationCategoryCS"/>
      <code value="multi-modal-communication"/>
      <display value="Multi-modal Communication"/>
    </coding>
  </category>
  <code>
    <coding>
      <system value="http://hl7.org/fhir/us/pacio-splasch/ValueSet/SPLASCHMultiModalCommunicationObservationCS"/>
      <code value="99832-8"/>
      <display value="How often does the individual convey simple messages that are meaningful related to routine daily activities in HIGH demand situations?"/>
    </coding>
  </code>
  <subject>
    <reference value="Patient/BSJ-patientBSJ1"/>
  </subject>
  <effectiveDateTime value="2020-07-07T19:30:00-05:00"/>
  <performer>
    <reference value="Practitioner/Practitioner-JudySmiley"/>
  </performer>
  <performer>
    <reference value="PractitionerRole/provider-role-registered-nurse-JudySmiley"/>
  </performer>
  <performer>
    <reference value="Organization/Organization-San-Antonio-General-Hospital"/>
  </performer>
  <valueCodeableConcept>
    <coding>
      <system value="http://hl7.org/fhir/us/pacio-splasch/CodeSystem/SPLASCHFrequencyCS"/>
      <code value="LA10082-8"/>
      <display value="Sometimes"/>
    </coding>
  </valueCodeableConcept>
</Observation>