<?xml version="1.0" encoding="UTF-8"?>

<Observation xmlns="http://hl7.org/fhir">
  <id value="BSJ-ObservationSPLASCH-041"/>
  <text>
    <status value="generated"/><div xmlns="http://www.w3.org/1999/xhtml"><p><b>Generated Narrative</b></p><div style="display: inline-block; background-color: #d9e0e7; padding: 6px; margin: 4px; border: 1px solid #8da1b4; border-radius: 5px; line-height: 60%"><p style="margin-bottom: 0px">Resource "BSJ-ObservationSPLASCH-041" </p></div><p><b>status</b>: final</p><p><b>category</b>: Swallowing <span style="background: LightGoldenRodYellow; margin: 4px; border: 1px solid khaki"> (<a href="CodeSystem-SPLASCHObservationCategoryCS.html">SPLASCH Observation Category Codes</a>#swallowing)</span></p><p><b>code</b>: Difficulties with oral containment or secretion management <span style="background: LightGoldenRodYellow; margin: 4px; border: 1px solid khaki"> (<a href="CodeSystem-SPLASCHSwallowingObservationCS.html">Swallowing Observation Codes</a>#oral-containment-secretion-difficulty)</span></p><p><b>subject</b>: <a href="Patient-BSJ-patientBSJ1.html">Patient/BSJ-patientBSJ1</a> " SMITH-JOHNSON"</p><p><b>effective</b>: 2020-07-09T08:30:00-05:00</p><p><b>performer</b>: </p><ul><li><a href="Practitioner-Practitioner-JennyGlass.html">Practitioner/Practitioner-JennyGlass</a> " GLASS"</li><li><a href="PractitionerRole-provider-role-speech-language-pathologist-JennyGlass.html">PractitionerRole/provider-role-speech-language-pathologist-JennyGlass</a></li><li><a href="Organization-Organization-San-Antonio-General-Hospital.html">Organization/Organization-San-Antonio-General-Hospital</a> "San Antonio General Hospital"</li></ul><p><b>value</b>: 76-90% of the time <span style="background: LightGoldenRodYellow; margin: 4px; border: 1px solid khaki"> (<a href="CodeSystem-SPLASCHTimePercentageCategoryCS.html">Observation Value Time Percentage Category Codes</a>#76-90-percent)</span></p></div>
  </text>
  <status value="final"/>
  <category>
    <coding>
      <system value="http://hl7.org/fhir/us/pacio-splasch/CodeSystem/SPLASCHObservationCategoryCS"/>
      <code value="swallowing"/>
      <display value="Swallowing"/>
    </coding>
  </category>
  <code>
    <coding>
      <system value="http://hl7.org/fhir/us/pacio-splasch/CodeSystem/SPLASCHSwallowingObservationCS"/>
      <code value="oral-containment-secretion-difficulty"/>
      <display value="Difficulties with oral containment or secretion management"/>
    </coding>
  </code>
  <subject>
    <reference value="Patient/BSJ-patientBSJ1"/>
  </subject>
  <effectiveDateTime value="2020-07-09T08:30:00-05:00"/>
  <performer>
    <reference value="Practitioner/Practitioner-JennyGlass"/>
  </performer>
  <performer>
    <reference value="PractitionerRole/provider-role-speech-language-pathologist-JennyGlass"/>
  </performer>
  <performer>
    <reference value="Organization/Organization-San-Antonio-General-Hospital"/>
  </performer>
  <valueCodeableConcept>
    <coding>
      <system value="http://hl7.org/fhir/us/pacio-splasch/CodeSystem/SPLASCHTimePercentageCategoryCS"/>
      <code value="76-90-percent"/>
      <display value="76-90% of the time"/>
    </coding>
  </valueCodeableConcept>
</Observation>