{
  "resourceType" : "ValueSet",
  "id" : "a3484d23-5dfb-464d-95ca-3cceab5b4105-147",
  "url" : "http://hl7.org/fhir/comparison/ValueSet/a3484d23-5dfb-464d-95ca-3cceab5b4105-147",
  "name" : "IntersectionUsCoreVitalSignsAndSPLASCHSwallowingObservationVS",
  "title" : "Intersection of US Core Vital Signs ValueSet And Swallowing Observation",
  "status" : "active",
  "date" : "2021-12-06T21:01:13-05:00",
  "jurisdiction" : [{
    "coding" : [{
      "system" : "urn:iso:std:iso:3166",
      "code" : "US"
    }]
  }]
}