{
  "resourceType" : "ValueSet",
  "id" : "d467d4ad-72da-40b6-bab5-e063a0f9a4ba-213",
  "url" : "http://hl7.org/fhir/comparison/ValueSet/d467d4ad-72da-40b6-bab5-e063a0f9a4ba-213",
  "name" : "IntersectionUSCoreSmokingStatusObservationCodesAndSPLASCHSwallowingObservationVS",
  "title" : "Intersection of US Core Smoking Status Observation Codes And Swallowing Observation",
  "status" : "active",
  "date" : "2021-12-09T02:53:43-05:00",
  "jurisdiction" : [{
    "coding" : [{
      "system" : "urn:iso:std:iso:3166",
      "code" : "US"
    }]
  }]
}